{
    "$schema": "https://go.kicad.org/pcm/schemas/v1",
    "name": "My KiCad Plugin",
    "description": "My First KiCad Plugin",
    "description_full": "Simple library plugin example",
    "identifier": "com.github.soburi.my-kicad-plugin",
    "type": "library",
    "author": {
        "name": "soburi",
        "contact": {
            "web": "https://github.com/soburi"
        }
    },
    "license": "CC0-1.0",
    "resources": {
        "homepage": "https://github.com/soburi/my-kicad-plugin"
    },
    "versions": [
        {
            "version": "1.0",
            "status": "stable",
            "kicad_version": "8.0"
        }
    ]
}
